INSERT INTO projects (id, title, category, funding_goal, start_date, end_date) VALUES (1, "Pebble Watch", "Technology", 500000, "12/20/2016", "6/21/2017");
INSERT INTO projects (id, title, category, funding_goal, start_date, end_date) VALUES (2, "Shakespeare in the Park", "Theatre", 20000, "6/2/2017", "8/28/2017");
INSERT INTO projects (id, title, category, funding_goal, start_date, end_date) VALUES (3, "Snazzy Socks", "Clothing", 40000, "9/30/2016", "3/7/2017");
INSERT INTO projects (id, title, category, funding_goal, start_date, end_date) VALUES (4, "Simple Sangas", "Food", 12000, "12/20/2016", "2/9/2017");
INSERT INTO projects (id, title, category, funding_goal, start_date, end_date) VALUES (5, "Boosted Board", "Outdoors", 100000, "4/13/2015", "10/8/2016");
INSERT INTO projects (id, title, category, funding_goal, start_date, end_date) VALUES (6, "The Wheel", "Technology", 1000000, "12/6/2015", "1/7/2017");
INSERT INTO projects (id, title, category, funding_goal, start_date, end_date) VALUES (7, "Minecraft 2.0", "Games", 30000, "5/12/2017", "12/21/2017");
INSERT INTO projects (id, title, category, funding_goal, start_date, end_date) VALUES (8, "Pebble Watch", "Technology", 500000, "6/8/2016", "11/8/2017");
INSERT INTO projects (id, title, category, funding_goal, start_date, end_date) VALUES (9, "Pebble Watch", "Technology", 500000, "3/29/2017", "10/4/2017");
INSERT INTO projects (id, title, category, funding_goal, start_date, end_date) VALUES (10, "Pebble Watch", "Technology", 500000, "10/15/2017", "2/13/2018");

INSERT INTO users (name, age) VALUES ("James", 16);
INSERT INTO users (name, age) VALUES ("Bob", 70);
INSERT INTO users (name, age) VALUES ("Marley", 18);
INSERT INTO users (name, age) VALUES ("Tina", 82);
INSERT INTO users (name, age) VALUES ("Billy", 63);
INSERT INTO users (name, age) VALUES ("Johnny", 78);
INSERT INTO users (name, age) VALUES ("Marshall", 51);
INSERT INTO users (name, age) VALUES ("Jessie", 28);
INSERT INTO users (name, age) VALUES ("Amy", 32);
INSERT INTO users (name, age) VALUES ("Kurt", 38);
INSERT INTO users (name, age) VALUES ("Elton", 68);
INSERT INTO users (name, age) VALUES ("Sam", 27);
INSERT INTO users (name, age) VALUES ("Mike", 25);
INSERT INTO users (name, age) VALUES ("Robin", 30);
INSERT INTO users (name, age) VALUES ("Miley", 26);
INSERT INTO users (name, age) VALUES ("Vance", 23);
INSERT INTO users (name, age) VALUES ("Kate", 39);
INSERT INTO users (name, age) VALUES ("Enya", 45);
INSERT INTO users (name, age) VALUES ("Chris", 39);
INSERT INTO users (name, age) VALUES ("Kanye", 29);

INSERT INTO pledges (amount, user_id, project_id) VALUES (1000, 20, 1);
INSERT INTO pledges (amount, user_id, project_id) VALUES (30, 4, 1);
INSERT INTO pledges (amount, user_id, project_id) VALUES (2, 14, 4);
INSERT INTO pledges (amount, user_id, project_id) VALUES (30, 12, 5);
INSERT INTO pledges (amount, user_id, project_id) VALUES (30, 10, 6);
INSERT INTO pledges (amount, user_id, project_id) VALUES (30, 5, 9);
INSERT INTO pledges (amount, user_id, project_id) VALUES (30, 1, 10);
INSERT INTO pledges (amount, user_id, project_id) VALUES (30, 2, 3);
INSERT INTO pledges (amount, user_id, project_id) VALUES (30, 16, 5);
INSERT INTO pledges (amount, user_id, project_id) VALUES (30, 17, 2);
INSERT INTO pledges (amount, user_id, project_id) VALUES (30, 20, 8);
INSERT INTO pledges (amount, user_id, project_id) VALUES (30, 3, 7);
INSERT INTO pledges (amount, user_id, project_id) VALUES (30, 7, 7);
INSERT INTO pledges (amount, user_id, project_id) VALUES (30, 6, 6);
INSERT INTO pledges (amount, user_id, project_id) VALUES (30, 8, 8);
INSERT INTO pledges (amount, user_id, project_id) VALUES (30, 9, 9);
INSERT INTO pledges (amount, user_id, project_id) VALUES (30, 13, 10);
INSERT INTO pledges (amount, user_id, project_id) VALUES (30, 11, 7);
INSERT INTO pledges (amount, user_id, project_id) VALUES (30, 15, 8);
INSERT INTO pledges (amount, user_id, project_id) VALUES (30, 18, 3);
INSERT INTO pledges (amount, user_id, project_id) VALUES (30, 19, 5);
INSERT INTO pledges (amount, user_id, project_id) VALUES (30, 18, 3);
INSERT INTO pledges (amount, user_id, project_id) VALUES (30, 4, 6);
INSERT INTO pledges (amount, user_id, project_id) VALUES (30, 6, 6);
INSERT INTO pledges (amount, user_id, project_id) VALUES (30, 9, 9);
INSERT INTO pledges (amount, user_id, project_id) VALUES (30, 13, 1);
INSERT INTO pledges (amount, user_id, project_id) VALUES (30, 17, 4);
INSERT INTO pledges (amount, user_id, project_id) VALUES (30, 1, 1);
INSERT INTO pledges (amount, user_id, project_id) VALUES (30, 2, 2);
INSERT INTO pledges (amount, user_id, project_id) VALUES (30, 20, 6);

